"","fit","lower","upper","piWidth"
"QUAC_MSAT_resamp5loc",59.460087581857,37.1905688924184,81.7296062712956,44.5390373788772
"QUAC_MSAT_resamp10loc",59.4869372623583,39.4018524208762,79.5720221038405,40.1701696829643
"QUAC_MSAT_resamptotloc",60.1169464661522,41.3405494783221,78.8933434539824,37.5527939756603
"QUAC_SNP_resamp5kloc",67.2016545378927,59.9983438450768,74.4049652307086,14.4066213856318
"QUAC_SNP_resamp10kloc",67.2751319953683,60.1903710168219,74.3598929739147,14.1695219570928
"QUAC_SNP_resamptotloc",67.2224993470828,60.1364408709346,74.308557823231,14.1721169522964
