"","fit","lower","upper","piWidth"
"QUBO_MSAT_resamp3loc",70.1283716767193,50.448803234039,89.8079401193997,39.3591368853607
"QUBO_MSAT_resamp6loc",72.5044384344456,58.658273670784,86.3506031981073,27.6923295273233
"QUBO_MSAT_resamptotloc",73.8532335596191,63.6703710813568,84.0360960378813,20.3657249565245
"QUBO_SNP_resamp2kloc",73.9369292969783,69.2434689211141,78.6303896728424,9.3869207517283
"QUBO_SNP_resamp4kloc",73.8480035067812,69.3549969684864,78.341010045076,8.98601307658961
"QUBO_SNP_resamptotloc",73.8498944486826,69.3886057295344,78.3111831678307,8.92257743829629
