"","fit","lower","upper","piWidth"
"QUBO_MSAT_resamp3loc",70.575949282747,52.1097172032983,89.0421813621957,36.9324641588974
"QUBO_MSAT_resamp4loc",71.142148046609,53.5068613286108,88.7774347646073,35.2705734359965
"QUBO_MSAT_resamp6loc",71.6683662180143,56.7481203829179,86.5886120531107,29.8404916701928
"QUBO_MSAT_resamp9loc",73.9845074229402,64.1468645755816,83.8221502702987,19.6752856947171
"QUBO_MSAT_resamptotloc",73.9927984529233,64.1030608792607,83.8825360265859,19.7794751473252
"QUBO_SNP_resamp2kloc",73.7827676136514,68.9730801722114,78.5924550550914,9.61937488288001
"QUBO_SNP_resamp4kloc",73.8660551049026,69.3127431617874,78.4193670480178,9.10662388623044
"QUBO_SNP_resamptotloc",73.8025533957147,69.3400947834317,78.2650120079978,8.92491722456612
